,rule,counts,rule_id
0,rule0013,4922,0.0
1,rule0012,4919,1.0
2,rule0006,3197,2.0
3,rule0007,3197,3.0
4,rule0002,3158,4.0
5,rule0003,3153,5.0
6,rule0001,2478,6.0
7,rule0014,1502,7.0
8,rule0015,1486,8.0
9,rule0008,1101,9.0
10,rule0009,1095,10.0
11,rule0016,1025,11.0
12,rule0017,1017,12.0
13,rule0004,908,13.0
14,rule0005,906,14.0
15,rule0028,764,15.0
16,rule0026,757,16.0
17,rule0025,757,17.0
18,rule0011,727,18.0
19,rule0010,727,19.0
20,rule0018,645,20.0
21,rule0022,572,21.0
22,rule0021,572,22.0
23,rule0030,563,23.0
24,rule0031,563,24.0
25,rule0027,509,25.0
26,rule0023,483,26.0
27,rule0024,483,27.0
28,rule0029,479,28.0
29,rule0019,423,29.0
30,rule0020,401,30.0
31,rule0032,394,31.0
32,rule0035,388,32.0
33,rule0055,375,33.0
34,rule0056,375,34.0
35,rule0036,370,35.0
36,rule0049,369,36.0
37,rule0050,369,37.0
38,rule0037,366,38.0
39,rule0051,363,39.0
40,rule0053,362,40.0
41,rule0048,362,41.0
42,rule0047,362,42.0
43,rule0038,348,43.0
44,rule0039,348,44.0
45,rule0041,346,45.0
46,rule0042,346,46.0
47,rule0069,295,47.0
48,rule0092,253,48.0
49,rule0091,253,49.0
50,rule0074,240,50.0
51,rule0078,238,51.0
52,rule0059,232,52.0
53,rule0060,232,53.0
54,rule0107,219,54.0
55,rule0040,218,55.0
56,rule0065,216,56.0
57,rule0108,215,57.0
58,rule0034,215,58.0
59,rule0033,215,59.0
60,rule0393,214,60.0
61,rule0394,214,61.0
62,rule0097,200,62.0
63,rule0096,200,63.0
64,rule0098,197,64.0
65,rule1071,185,65.0
66,rule0099,185,66.0
67,rule1072,185,67.0
68,rule0124,181,68.0
69,rule0052,180,69.0
70,rule0079,180,70.0
71,rule0100,177,71.0
72,rule0075,177,72.0
73,rule0076,177,73.0
74,rule0101,177,74.0
75,rule0062,176,75.0
76,rule0061,176,76.0
77,rule0044,176,77.0
78,rule0045,176,78.0
79,rule0125,175,79.0
80,rule0129,174,80.0
81,rule0054,169,81.0
82,rule0082,148,82.0
83,rule0083,148,83.0
84,rule0123,145,84.0
85,rule0122,145,85.0
86,rule0094,142,86.0
87,rule0095,137,87.0
88,rule0089,135,88.0
89,rule0090,135,89.0
90,rule0110,131,90.0
91,rule0043,128,91.0
92,rule0046,128,92.0
93,rule0068,128,93.0
94,rule0070,125,94.0
95,rule0071,125,95.0
96,rule0084,121,96.0
97,rule0085,121,97.0
98,rule0145,117,98.0
99,rule0147,115,99.0
100,rule0103,111,100.0
101,rule0080,110,101.0
102,rule0081,110,102.0
103,rule0088,108,103.0
104,rule0077,107,104.0
105,rule0058,104,105.0
106,rule0057,104,106.0
107,rule0241,103,107.0
108,rule0240,103,108.0
109,rule0378,96,109.0
110,rule0379,96,110.0
111,rule0128,96,111.0
112,rule0127,96,112.0
113,rule0093,93,113.0
114,rule0106,93,114.0
115,rule0102,91,115.0
116,rule0111,90,116.0
117,rule0166,90,117.0
118,rule0167,90,118.0
119,rule0143,89,119.0
120,rule0142,89,120.0
121,rule0288,85,121.0
122,rule0112,84,122.0
123,rule0113,84,123.0
124,rule0309,83,124.0
125,rule0208,83,125.0
126,rule0207,83,126.0
127,rule0803,76,127.0
128,rule0355,76,128.0
129,rule0804,76,129.0
130,rule0064,74,130.0
131,rule0063,74,131.0
132,rule0467,74,132.0
133,rule0214,73,133.0
134,rule0213,73,134.0
135,rule0067,73,135.0
136,rule0066,73,136.0
137,rule0130,70,137.0
138,rule0131,70,138.0
139,rule0132,70,139.0
140,rule0119,70,140.0
141,rule0086,69,141.0
142,rule0087,69,142.0
143,rule0244,68,143.0
144,rule0152,68,144.0
145,rule0936,68,145.0
146,rule0151,68,146.0
147,rule0197,67,147.0
148,rule0257,67,148.0
149,rule0196,67,149.0
150,rule0243,66,150.0
151,rule0242,66,151.0
152,rule0135,64,152.0
153,rule0172,62,153.0
154,rule0183,62,154.0
155,rule0184,62,155.0
156,rule0170,61,156.0
157,rule0171,61,157.0
158,rule0109,61,158.0
159,rule0073,60,159.0
160,rule0072,60,160.0
161,rule0137,58,161.0
162,rule0136,58,162.0
163,rule0157,57,163.0
164,rule0118,57,164.0
165,rule0156,57,165.0
166,rule0169,57,166.0
167,rule0168,57,167.0
168,rule0117,57,168.0
169,rule0121,56,169.0
170,rule0120,56,170.0
171,rule0114,55,171.0
172,rule0115,55,172.0
173,rule0116,55,173.0
174,rule0133,54,174.0
175,rule0134,54,175.0
176,rule0160,53,176.0
177,rule0161,53,177.0
178,rule0210,52,178.0
179,rule0209,52,179.0
180,rule0126,52,180.0
181,rule0326,50,181.0
182,rule0325,50,182.0
183,rule0194,49,183.0
184,rule0223,48,184.0
185,rule0846,48,185.0
186,rule0847,48,186.0
187,rule0224,48,187.0
188,rule0187,47,188.0
189,rule0340,47,189.0
190,rule0188,47,190.0
191,rule0341,47,191.0
192,rule0138,46,192.0
193,rule0215,45,193.0
194,rule0216,45,194.0
195,rule0164,44,195.0
196,rule0104,44,196.0
197,rule0153,44,197.0
198,rule0165,44,198.0
199,rule0238,44,199.0
200,rule0305,44,200.0
201,rule0304,44,201.0
202,rule0239,44,202.0
203,rule0105,44,203.0
204,rule0320,42,204.0
205,rule0321,42,205.0
206,rule0206,42,206.0
207,rule0175,42,207.0
208,rule0205,42,208.0
209,rule0199,41,209.0
210,rule0200,41,210.0
211,rule0295,41,211.0
212,rule0192,41,212.0
213,rule0449,40,213.0
214,rule0298,40,214.0
215,rule0299,40,215.0
216,rule0195,40,216.0
217,rule0273,39,217.0
218,rule0225,39,218.0
219,rule0274,39,219.0
220,rule0189,37,220.0
221,rule0146,36,221.0
222,rule0226,35,222.0
223,rule0420,35,223.0
224,rule0412,34,224.0
225,rule0159,33,225.0
226,rule0158,33,226.0
227,rule0203,32,227.0
228,rule0202,32,228.0
229,rule0383,32,229.0
230,rule0784,32,230.0
231,rule0785,32,231.0
232,rule0382,32,232.0
233,rule0173,31,233.0
234,rule0277,31,234.0
235,rule0174,31,235.0
236,rule0310,31,236.0
237,rule0311,31,237.0
238,rule0139,31,238.0
239,rule0185,31,239.0
240,rule0278,31,240.0
241,rule0230,30,241.0
242,rule0176,30,242.0
243,rule0229,30,243.0
244,rule0163,30,244.0
245,rule0162,30,245.0
246,rule0268,29,246.0
247,rule0267,29,247.0
248,rule0269,29,248.0
249,rule0270,29,249.0
250,rule0193,29,250.0
251,rule0234,29,251.0
252,rule0447,29,252.0
253,rule0323,29,253.0
254,rule0186,28,254.0
255,rule0250,28,255.0
256,rule0679,28,256.0
257,rule0280,28,257.0
258,rule0678,28,258.0
259,rule0279,28,259.0
260,rule0182,28,260.0
261,rule0181,28,261.0
262,rule0354,27,262.0
263,rule0353,27,263.0
264,rule0180,27,264.0
265,rule0198,27,265.0
266,rule0217,27,266.0
267,rule0212,27,267.0
268,rule0148,27,268.0
269,rule0211,27,269.0
270,rule0218,27,270.0
271,rule0179,27,271.0
272,rule0204,26,272.0
273,rule0235,26,273.0
274,rule0343,26,274.0
275,rule0342,26,275.0
276,rule0302,25,276.0
277,rule0469,25,277.0
278,rule0144,25,278.0
279,rule0468,25,279.0
280,rule0347,25,280.0
281,rule0190,25,281.0
282,rule0191,25,282.0
283,rule0348,25,283.0
284,rule0303,25,284.0
285,rule0351,25,285.0
286,rule0352,25,286.0
287,rule0430,24,287.0
288,rule0542,24,288.0
289,rule0294,24,289.0
290,rule0141,24,290.0
291,rule0177,24,291.0
292,rule0178,24,292.0
293,rule0293,24,293.0
294,rule1730,24,294.0
295,rule1729,24,295.0
296,rule0140,24,296.0
297,rule0227,23,297.0
298,rule0246,23,298.0
299,rule0228,23,299.0
300,rule0283,23,300.0
301,rule0245,23,301.0
302,rule0255,23,302.0
303,rule0256,23,303.0
304,rule0258,23,304.0
305,rule0259,23,305.0
306,rule0284,23,306.0
307,rule0734,23,307.0
308,rule0409,23,308.0
309,rule1105,23,309.0
310,rule0762,23,310.0
311,rule0761,23,311.0
312,rule0408,23,312.0
313,rule1104,23,313.0
314,rule0149,23,314.0
315,rule0735,23,315.0
316,rule0330,22,316.0
317,rule0324,22,317.0
318,rule0272,22,318.0
319,rule0399,22,319.0
320,rule0315,22,320.0
321,rule0482,22,321.0
322,rule0384,22,322.0
323,rule0418,22,323.0
324,rule0458,22,324.0
325,rule0314,22,325.0
326,rule1260,22,326.0
327,rule0201,22,327.0
328,rule0459,22,328.0
329,rule1261,22,329.0
330,rule0398,22,330.0
331,rule0232,21,331.0
332,rule0451,21,332.0
333,rule0155,21,333.0
334,rule0154,21,334.0
335,rule0452,21,335.0
336,rule0473,21,336.0
337,rule0472,21,337.0
338,rule0331,21,338.0
339,rule0233,21,339.0
340,rule0361,20,340.0
341,rule0150,20,341.0
342,rule1656,20,342.0
343,rule0296,20,343.0
344,rule0297,20,344.0
345,rule0419,20,345.0
346,rule0951,20,346.0
347,rule0484,20,347.0
348,rule0483,20,348.0
349,rule1655,20,349.0
350,rule0565,19,350.0
351,rule0403,19,351.0
352,rule0490,19,352.0
353,rule0491,19,353.0
354,rule0404,19,354.0
355,rule0237,19,355.0
356,rule0387,19,356.0
357,rule0236,19,357.0
358,rule0276,19,358.0
359,rule0566,19,359.0
360,rule0249,19,360.0
361,rule0231,19,361.0
362,rule0275,19,362.0
363,rule0364,18,363.0
364,rule0335,18,364.0
365,rule0363,18,365.0
366,rule0334,18,366.0
367,rule1019,18,367.0
368,rule1018,18,368.0
369,rule0357,17,369.0
370,rule0470,17,370.0
371,rule0465,17,371.0
372,rule0464,17,372.0
373,rule1232,17,373.0
374,rule1231,17,374.0
375,rule0429,17,375.0
376,rule0289,17,376.0
377,rule0466,17,377.0
378,rule0604,17,378.0
379,rule0350,17,379.0
380,rule0349,17,380.0
381,rule0538,17,381.0
382,rule0266,17,382.0
383,rule0605,17,383.0
384,rule0539,17,384.0
385,rule0471,17,385.0
386,rule0768,16,386.0
387,rule0385,16,387.0
388,rule0222,16,388.0
389,rule0221,16,389.0
390,rule0531,16,390.0
391,rule0219,16,391.0
392,rule0545,16,392.0
393,rule0307,16,393.0
394,rule0308,16,394.0
395,rule0407,16,395.0
396,rule0220,16,396.0
397,rule0767,16,397.0
398,rule0287,16,398.0
399,rule0582,16,399.0
400,rule0271,16,400.0
401,rule0286,16,401.0
402,rule0386,16,402.0
403,rule0546,16,403.0
404,rule0285,16,404.0
405,rule0753,15,405.0
406,rule0754,15,406.0
407,rule1323,15,407.0
408,rule0756,15,408.0
409,rule0254,15,409.0
410,rule0253,15,410.0
411,rule0719,15,411.0
412,rule0518,15,412.0
413,rule0519,15,413.0
414,rule1395,15,414.0
415,rule0598,15,415.0
416,rule0718,15,416.0
417,rule0755,15,417.0
418,rule0322,15,418.0
419,rule0327,14,419.0
420,rule0358,14,420.0
421,rule0509,14,421.0
422,rule0568,14,422.0
423,rule0860,14,423.0
424,rule0247,14,424.0
425,rule0510,14,425.0
426,rule0438,14,426.0
427,rule0569,14,427.0
428,rule0550,14,428.0
429,rule0416,13,429.0
430,rule0497,13,430.0
431,rule0583,13,431.0
432,rule1283,13,432.0
433,rule0450,13,433.0
434,rule0584,13,434.0
435,rule0498,13,435.0
436,rule0415,13,436.0
437,rule0440,13,437.0
438,rule0704,13,438.0
439,rule0705,13,439.0
440,rule0318,13,440.0
441,rule0319,13,441.0
442,rule0392,13,442.0
443,rule0581,13,443.0
444,rule0439,13,444.0
445,rule0549,13,445.0
446,rule0375,13,446.0
447,rule0391,13,447.0
448,rule1282,13,448.0
449,rule0548,12,449.0
450,rule0328,12,450.0
451,rule0564,12,451.0
452,rule0563,12,452.0
453,rule0329,12,453.0
454,rule0615,12,454.0
455,rule0477,12,455.0
456,rule0317,12,456.0
457,rule0677,12,457.0
458,rule0431,12,458.0
459,rule0316,12,459.0
460,rule0301,12,460.0
461,rule0306,12,461.0
462,rule0300,12,462.0
463,rule0504,12,463.0
464,rule0505,12,464.0
465,rule0282,12,465.0
466,rule0281,12,466.0
467,rule0476,12,467.0
468,rule0448,12,468.0
469,rule0523,12,469.0
470,rule0344,12,470.0
471,rule0544,11,471.0
472,rule0390,11,472.0
473,rule0487,11,473.0
474,rule0381,11,474.0
475,rule0380,11,475.0
476,rule0457,11,476.0
477,rule0374,11,477.0
478,rule0456,11,478.0
479,rule0455,11,479.0
480,rule0445,11,480.0
481,rule0338,11,481.0
482,rule0339,11,482.0
483,rule0373,11,483.0
484,rule0372,11,484.0
485,rule0446,11,485.0
486,rule0543,11,486.0
487,rule0453,11,487.0
488,rule0517,11,488.0
489,rule0454,11,489.0
490,rule0830,11,490.0
491,rule0791,11,491.0
492,rule1472,11,492.0
493,rule0790,11,493.0
494,rule0831,11,494.0
495,rule0968,11,495.0
496,rule0969,11,496.0
497,rule1473,11,497.0
498,rule0368,10,498.0
499,rule0369,10,499.0
500,rule0292,10,500.0
501,rule0596,10,501.0
502,rule0291,10,502.0
503,rule0631,10,503.0
504,rule0360,10,504.0
505,rule0265,10,505.0
506,rule0264,10,506.0
507,rule0359,10,507.0
508,rule0597,10,508.0
509,rule0333,10,509.0
510,rule0594,10,510.0
511,rule0593,10,511.0
512,rule0589,10,512.0
513,rule0260,10,513.0
514,rule0252,10,514.0
515,rule0251,10,515.0
516,rule0248,10,516.0
517,rule0503,10,517.0
518,rule1266,10,518.0
519,rule1267,10,519.0
520,rule0461,10,520.0
521,rule0460,10,521.0
522,rule0590,10,522.0
523,rule0261,10,523.0
524,rule0337,10,524.0
525,rule0727,10,525.0
526,rule0760,10,526.0
527,rule0726,10,527.0
528,rule0332,10,528.0
529,rule0759,10,529.0
530,rule0722,10,530.0
531,rule0723,10,531.0
532,rule0336,10,532.0
533,rule0346,9,533.0
534,rule0721,9,534.0
535,rule0567,9,535.0
536,rule0570,9,536.0
537,rule0571,9,537.0
538,rule0611,9,538.0
539,rule0262,9,539.0
540,rule0263,9,540.0
541,rule0560,9,541.0
542,rule0612,9,542.0
543,rule0632,9,543.0
544,rule0633,9,544.0
545,rule0641,9,545.0
546,rule0954,9,546.0
547,rule0552,9,547.0
548,rule0559,9,548.0
549,rule1127,9,549.0
550,rule1882,9,550.0
551,rule1881,9,551.0
552,rule1673,9,552.0
553,rule1394,9,553.0
554,rule1224,9,554.0
555,rule1223,9,555.0
556,rule1126,9,556.0
557,rule0955,9,557.0
558,rule0414,9,558.0
559,rule0413,9,559.0
560,rule1033,9,560.0
561,rule1032,9,561.0
562,rule0551,9,562.0
563,rule0370,9,563.0
564,rule0371,9,564.0
565,rule0720,9,565.0
566,rule0777,9,566.0
567,rule0362,9,567.0
568,rule0693,9,568.0
569,rule0345,9,569.0
570,rule0779,9,570.0
571,rule0663,9,571.0
572,rule0681,9,572.0
573,rule0682,9,573.0
574,rule0664,9,574.0
575,rule0776,9,575.0
576,rule0410,8,576.0
577,rule0990,8,577.0
578,rule0411,8,578.0
579,rule0312,8,579.0
580,rule0480,8,580.0
581,rule0481,8,581.0
582,rule0401,8,582.0
583,rule0400,8,583.0
584,rule0313,8,584.0
585,rule0989,8,585.0
586,rule0670,8,586.0
587,rule0669,8,587.0
588,rule0406,8,588.0
589,rule0572,8,589.0
590,rule0573,8,590.0
591,rule0574,8,591.0
592,rule0405,8,592.0
593,rule0562,8,593.0
594,rule0561,8,594.0
595,rule0556,8,595.0
596,rule0396,8,596.0
597,rule0555,8,597.0
598,rule0778,8,598.0
599,rule0717,8,599.0
600,rule0716,8,600.0
601,rule0591,8,601.0
602,rule0592,8,602.0
603,rule0485,8,603.0
604,rule0397,8,604.0
605,rule0486,8,605.0
606,rule0443,8,606.0
607,rule0441,8,607.0
608,rule0525,8,608.0
609,rule0821,8,609.0
610,rule0820,8,610.0
611,rule1195,8,611.0
612,rule1196,8,612.0
613,rule0807,8,613.0
614,rule0806,8,614.0
615,rule0377,8,615.0
616,rule0376,8,616.0
617,rule0493,8,617.0
618,rule0798,8,618.0
619,rule0797,8,619.0
620,rule0437,8,620.0
621,rule0436,8,621.0
622,rule0442,8,622.0
623,rule0492,8,623.0
624,rule1160,8,624.0
625,rule0692,8,625.0
626,rule0444,8,626.0
627,rule1161,8,627.0
628,rule0516,8,628.0
629,rule1442,7,629.0
630,rule0675,7,630.0
631,rule0676,7,631.0
632,rule0532,7,632.0
633,rule1268,7,633.0
634,rule0428,7,634.0
635,rule0427,7,635.0
636,rule1098,7,636.0
637,rule1203,7,637.0
638,rule1204,7,638.0
639,rule1099,7,639.0
640,rule0701,7,640.0
641,rule0533,7,641.0
642,rule0700,7,642.0
643,rule1005,7,643.0
644,rule0423,7,644.0
645,rule1164,7,645.0
646,rule1165,7,646.0
647,rule0511,7,647.0
648,rule1037,7,648.0
649,rule1036,7,649.0
650,rule0424,7,650.0
651,rule1441,7,651.0
652,rule0773,7,652.0
653,rule0578,7,653.0
654,rule0432,7,654.0
655,rule0792,7,655.0
656,rule0600,7,656.0
657,rule0794,7,657.0
658,rule0793,7,658.0
659,rule1926,7,659.0
660,rule1927,7,660.0
661,rule0388,7,661.0
662,rule0389,7,662.0
663,rule0861,7,663.0
664,rule0626,7,664.0
665,rule2117,7,665.0
666,rule2158,7,666.0
667,rule0857,7,667.0
668,rule0625,7,668.0
669,rule0616,7,669.0
670,rule0836,7,670.0
671,rule0617,7,671.0
672,rule0395,7,672.0
673,rule0856,7,673.0
674,rule2118,7,674.0
675,rule2157,7,675.0
676,rule0599,7,676.0
677,rule0667,7,677.0
678,rule0659,7,678.0
679,rule0585,7,679.0
680,rule0575,7,680.0
681,rule0577,7,681.0
682,rule0579,7,682.0
683,rule0580,7,683.0
684,rule0766,7,684.0
685,rule0765,7,685.0
686,rule1699,7,686.0
687,rule2234,7,687.0
688,rule0837,7,688.0
689,rule2233,7,689.0
690,rule0586,7,690.0
691,rule0810,7,691.0
692,rule0660,7,692.0
693,rule1676,7,693.0
694,rule0668,7,694.0
695,rule1677,7,695.0
696,rule0811,7,696.0
697,rule0494,6,697.0
698,rule0495,6,698.0
699,rule0433,6,699.0
700,rule1248,6,700.0
701,rule0489,6,701.0
702,rule1651,6,702.0
703,rule0488,6,703.0
704,rule1298,6,704.0
705,rule1653,6,705.0
706,rule1578,6,706.0
707,rule1577,6,707.0
708,rule1245,6,708.0
709,rule1654,6,709.0
710,rule0729,6,710.0
711,rule0730,6,711.0
712,rule1660,6,712.0
713,rule0728,6,713.0
714,rule1445,6,714.0
715,rule1444,6,715.0
716,rule0474,6,716.0
717,rule0475,6,717.0
718,rule1852,6,718.0
719,rule0478,6,719.0
720,rule0479,6,720.0
721,rule2008,6,721.0
722,rule1652,6,722.0
723,rule1299,6,723.0
724,rule2009,6,724.0
725,rule0366,6,725.0
726,rule1244,6,726.0
727,rule0672,6,727.0
728,rule0878,6,728.0
729,rule0877,6,729.0
730,rule0750,6,730.0
731,rule0731,6,731.0
732,rule0587,6,732.0
733,rule0588,6,733.0
734,rule0751,6,734.0
735,rule0752,6,735.0
736,rule0601,6,736.0
737,rule0602,6,737.0
738,rule0603,6,738.0
739,rule0711,6,739.0
740,rule0710,6,740.0
741,rule0606,6,741.0
742,rule0859,6,742.0
743,rule0858,6,743.0
744,rule0841,6,744.0
745,rule0840,6,745.0
746,rule0434,6,746.0
747,rule0763,6,747.0
748,rule0764,6,748.0
749,rule0636,6,749.0
750,rule0637,6,750.0
751,rule0802,6,751.0
752,rule0801,6,752.0
753,rule0365,6,753.0
754,rule0367,6,754.0
755,rule0671,6,755.0
756,rule0737,6,756.0
757,rule0780,6,757.0
758,rule1082,6,758.0
759,rule0781,6,759.0
760,rule0736,6,760.0
761,rule0426,6,761.0
762,rule0512,6,762.0
763,rule0513,6,763.0
764,rule0425,6,764.0
765,rule0520,6,765.0
766,rule0521,6,766.0
767,rule0786,6,767.0
768,rule0356,6,768.0
769,rule0417,6,769.0
770,rule0952,6,770.0
771,rule1083,6,771.0
772,rule0787,6,772.0
773,rule0788,6,773.0
774,rule0684,6,774.0
775,rule0683,6,775.0
776,rule1015,6,776.0
777,rule1014,6,777.0
778,rule0656,6,778.0
779,rule0680,6,779.0
780,rule0789,6,780.0
781,rule0965,6,781.0
782,rule0964,6,782.0
783,rule0953,6,783.0
784,rule0435,6,784.0
785,rule0421,5,785.0
786,rule0422,5,786.0
787,rule2314,5,787.0
788,rule0496,5,788.0
789,rule1169,5,789.0
790,rule0715,5,790.0
791,rule0714,5,791.0
792,rule1949,5,792.0
793,rule1964,5,793.0
794,rule1368,5,794.0
795,rule0880,5,795.0
796,rule1367,5,796.0
797,rule0688,5,797.0
798,rule0687,5,798.0
799,rule0897,5,799.0
800,rule0898,5,800.0
801,rule1254,5,801.0
802,rule0655,5,802.0
803,rule0654,5,803.0
804,rule1219,5,804.0
805,rule1218,5,805.0
806,rule1197,5,806.0
807,rule1192,5,807.0
808,rule1191,5,808.0
809,rule1948,5,809.0
810,rule1940,5,810.0
811,rule1939,5,811.0
812,rule0758,5,812.0
813,rule0827,5,813.0
814,rule1526,5,814.0
815,rule1525,5,815.0
816,rule0834,5,816.0
817,rule0835,5,817.0
818,rule0809,5,818.0
819,rule0808,5,819.0
820,rule1700,5,820.0
821,rule0757,5,821.0
822,rule0733,5,822.0
823,rule0749,5,823.0
824,rule0748,5,824.0
825,rule0747,5,825.0
826,rule0746,5,826.0
827,rule1451,5,827.0
828,rule1450,5,828.0
829,rule1447,5,829.0
830,rule1446,5,830.0
831,rule1170,5,831.0
832,rule1255,5,832.0
833,rule0558,5,833.0
834,rule2313,5,834.0
835,rule0557,5,835.0
836,rule0541,5,836.0
837,rule0540,5,837.0
838,rule0944,5,838.0
839,rule2279,5,839.0
840,rule0529,5,840.0
841,rule0528,5,841.0
842,rule2278,5,842.0
843,rule2259,5,843.0
844,rule2258,5,844.0
845,rule1058,5,845.0
846,rule1057,5,846.0
847,rule1001,5,847.0
848,rule0970,5,848.0
849,rule1002,5,849.0
850,rule0961,4,850.0
851,rule1048,4,851.0
852,rule1034,4,852.0
853,rule1035,4,853.0
854,rule0971,4,854.0
855,rule1047,4,855.0
856,rule1410,4,856.0
857,rule1008,4,857.0
858,rule1391,4,858.0
859,rule1390,4,859.0
860,rule0874,4,860.0
861,rule0975,4,861.0
862,rule0829,4,862.0
863,rule0828,4,863.0
864,rule0976,4,864.0
865,rule1009,4,865.0
866,rule1518,4,866.0
867,rule1485,4,867.0
868,rule1517,4,868.0
869,rule1484,4,869.0
870,rule0848,4,870.0
871,rule0849,4,871.0
872,rule0852,4,872.0
873,rule0853,4,873.0
874,rule1470,4,874.0
875,rule1469,4,875.0
876,rule1466,4,876.0
877,rule1465,4,877.0
878,rule0843,4,878.0
879,rule0864,4,879.0
880,rule0865,4,880.0
881,rule0842,4,881.0
882,rule0959,4,882.0
883,rule0958,4,883.0
884,rule0960,4,884.0
885,rule1149,4,885.0
886,rule1063,4,886.0
887,rule1251,4,887.0
888,rule1135,4,888.0
889,rule1250,4,889.0
890,rule0906,4,890.0
891,rule0907,4,891.0
892,rule1228,4,892.0
893,rule1227,4,893.0
894,rule1136,4,894.0
895,rule0911,4,895.0
896,rule1137,4,896.0
897,rule1200,4,897.0
898,rule0499,4,898.0
899,rule1138,4,899.0
900,rule1141,4,900.0
901,rule1142,4,901.0
902,rule1185,4,902.0
903,rule1184,4,903.0
904,rule1177,4,904.0
905,rule1176,4,905.0
906,rule1172,4,906.0
907,rule1078,4,907.0
908,rule1252,4,908.0
909,rule1171,4,909.0
910,rule1253,4,910.0
911,rule1384,4,911.0
912,rule1383,4,912.0
913,rule1073,4,913.0
914,rule1074,4,914.0
915,rule0881,4,915.0
916,rule0882,4,916.0
917,rule0883,4,917.0
918,rule0884,4,918.0
919,rule1335,4,919.0
920,rule1334,4,920.0
921,rule1308,4,921.0
922,rule1307,4,922.0
923,rule1285,4,923.0
924,rule1284,4,924.0
925,rule1278,4,925.0
926,rule1277,4,926.0
927,rule1077,4,927.0
928,rule0899,4,928.0
929,rule1528,4,929.0
930,rule1527,4,930.0
931,rule1624,4,931.0
932,rule2121,4,932.0
933,rule0524,4,933.0
934,rule0649,4,934.0
935,rule0650,4,935.0
936,rule0651,4,936.0
937,rule2174,4,937.0
938,rule0536,4,938.0
939,rule2120,4,939.0
940,rule0535,4,940.0
941,rule0534,4,941.0
942,rule0530,4,942.0
943,rule0527,4,943.0
944,rule0526,4,944.0
945,rule2011,4,945.0
946,rule0685,4,946.0
947,rule0686,4,947.0
948,rule0689,4,948.0
949,rule0690,4,949.0
950,rule2010,4,950.0
951,rule1970,4,951.0
952,rule1969,4,952.0
953,rule0648,4,953.0
954,rule2175,4,954.0
955,rule0537,4,955.0
956,rule0629,4,956.0
957,rule0620,4,957.0
958,rule0621,4,958.0
959,rule0622,4,959.0
960,rule2239,4,960.0
961,rule2240,4,961.0
962,rule0595,4,962.0
963,rule2289,4,963.0
964,rule0554,4,964.0
965,rule0630,4,965.0
966,rule2290,4,966.0
967,rule0634,4,967.0
968,rule0635,4,968.0
969,rule2209,4,969.0
970,rule0639,4,970.0
971,rule0640,4,971.0
972,rule2208,4,972.0
973,rule2199,4,973.0
974,rule0553,4,974.0
975,rule2236,4,975.0
976,rule0696,4,976.0
977,rule0522,4,977.0
978,rule0799,4,978.0
979,rule1662,4,979.0
980,rule1661,4,980.0
981,rule0782,4,981.0
982,rule0783,4,982.0
983,rule0795,4,983.0
984,rule0506,4,984.0
985,rule0502,4,985.0
986,rule0796,4,986.0
987,rule0800,4,987.0
988,rule0770,4,988.0
989,rule0805,4,989.0
990,rule0812,4,990.0
991,rule0813,4,991.0
992,rule1623,4,992.0
993,rule0501,4,993.0
994,rule0500,4,994.0
995,rule1576,4,995.0
996,rule1575,4,996.0
997,rule0697,4,997.0
998,rule2235,4,998.0
999,rule0769,4,999.0
1000,rule0515,4,1000.0
1001,rule0698,4,1001.0
1002,rule0699,4,1002.0
1003,rule0702,4,1003.0
1004,rule0703,4,1004.0
1005,rule0706,4,1005.0
1006,rule0707,4,1006.0
1007,rule0708,4,1007.0
1008,rule0745,4,1008.0
1009,rule0709,4,1009.0
1010,rule0514,4,1010.0
1011,rule0740,4,1011.0
1012,rule0741,4,1012.0
1013,rule0508,4,1013.0
1014,rule0507,4,1014.0
1015,rule0744,4,1015.0
1016,rule1060,3,1016.0
1017,rule1020,3,1017.0
1018,rule1003,3,1018.0
1019,rule0999,3,1019.0
1020,rule0988,3,1020.0
1021,rule0987,3,1021.0
1022,rule1004,3,1022.0
1023,rule1000,3,1023.0
1024,rule1540,3,1024.0
1025,rule2226,3,1025.0
1026,rule1348,3,1026.0
1027,rule1586,3,1027.0
1028,rule1587,3,1028.0
1029,rule0981,3,1029.0
1030,rule1658,3,1030.0
1031,rule1659,3,1031.0
1032,rule1475,3,1032.0
1033,rule1474,3,1033.0
1034,rule1667,3,1034.0
1035,rule1857,3,1035.0
1036,rule1858,3,1036.0
1037,rule1401,3,1037.0
1038,rule1932,3,1038.0
1039,rule1933,3,1039.0
1040,rule1349,3,1040.0
1041,rule1321,3,1041.0
1042,rule2225,3,1042.0
1043,rule2022,3,1043.0
1044,rule2023,3,1044.0
1045,rule2080,3,1045.0
1046,rule2081,3,1046.0
1047,rule2109,3,1047.0
1048,rule2110,3,1048.0
1049,rule1541,3,1049.0
1050,rule2177,3,1050.0
1051,rule2178,3,1051.0
1052,rule2198,3,1052.0
1053,rule1187,3,1053.0
1054,rule2215,3,1054.0
1055,rule2216,3,1055.0
1056,rule1166,3,1056.0
1057,rule0982,3,1057.0
1058,rule0613,3,1058.0
1059,rule0724,3,1059.0
1060,rule0775,3,1060.0
1061,rule0673,3,1061.0
1062,rule0674,3,1062.0
1063,rule0712,3,1063.0
1064,rule0713,3,1064.0
1065,rule0867,3,1065.0
1066,rule0725,3,1066.0
1067,rule0923,3,1067.0
1068,rule0922,3,1068.0
1069,rule0732,3,1069.0
1070,rule0738,3,1070.0
1071,rule0739,3,1071.0
1072,rule0771,3,1072.0
1073,rule0772,3,1073.0
1074,rule0774,3,1074.0
1075,rule0814,3,1075.0
1076,rule0934,3,1076.0
1077,rule0815,3,1077.0
1078,rule0909,3,1078.0
1079,rule0908,3,1079.0
1080,rule0822,3,1080.0
1081,rule0901,3,1081.0
1082,rule0900,3,1082.0
1083,rule0895,3,1083.0
1084,rule0894,3,1084.0
1085,rule0889,3,1085.0
1086,rule0844,3,1086.0
1087,rule0845,3,1087.0
1088,rule0876,3,1088.0
1089,rule0875,3,1089.0
1090,rule0855,3,1090.0
1091,rule0666,3,1091.0
1092,rule0866,3,1092.0
1093,rule0935,3,1093.0
1094,rule0619,3,1094.0
1095,rule0624,3,1095.0
1096,rule0966,3,1096.0
1097,rule0967,3,1097.0
1098,rule0623,3,1098.0
1099,rule0665,3,1099.0
1100,rule0547,3,1100.0
1101,rule0618,3,1101.0
1102,rule0628,3,1102.0
1103,rule0614,3,1103.0
1104,rule0576,3,1104.0
1105,rule0610,3,1105.0
1106,rule0609,3,1106.0
1107,rule0607,3,1107.0
1108,rule0402,3,1108.0
1109,rule0608,3,1109.0
1110,rule0627,3,1110.0
1111,rule0638,3,1111.0
1112,rule0652,3,1112.0
1113,rule0662,3,1113.0
1114,rule0661,3,1114.0
1115,rule0978,3,1115.0
1116,rule0658,3,1116.0
1117,rule0657,3,1117.0
1118,rule0642,3,1118.0
1119,rule0653,3,1119.0
1120,rule0647,3,1120.0
1121,rule0646,3,1121.0
1122,rule0645,3,1122.0
1123,rule0644,3,1123.0
1124,rule0643,3,1124.0
1125,rule0851,2,1125.0
1126,rule0854,2,1126.0
1127,rule0862,2,1127.0
1128,rule0850,2,1128.0
1129,rule0863,2,1129.0
1130,rule0839,2,1130.0
1131,rule0838,2,1131.0
1132,rule0818,2,1132.0
1133,rule0833,2,1133.0
1134,rule0832,2,1134.0
1135,rule0290,2,1135.0
1136,rule0825,2,1136.0
1137,rule0824,2,1137.0
1138,rule0823,2,1138.0
1139,rule0819,2,1139.0
1140,rule0817,2,1140.0
1141,rule0816,2,1141.0
1142,rule0695,2,1142.0
1143,rule0694,2,1143.0
1144,rule0691,2,1144.0
1145,rule0980,2,1145.0
1146,rule0873,2,1146.0
1147,rule0868,2,1147.0
1148,rule0869,2,1148.0
1149,rule0947,2,1149.0
1150,rule0946,2,1150.0
1151,rule0945,2,1151.0
1152,rule0943,2,1152.0
1153,rule0942,2,1153.0
1154,rule0941,2,1154.0
1155,rule0940,2,1155.0
1156,rule0939,2,1156.0
1157,rule0938,2,1157.0
1158,rule0937,2,1158.0
1159,rule0933,2,1159.0
1160,rule0932,2,1160.0
1161,rule0931,2,1161.0
1162,rule0930,2,1162.0
1163,rule0929,2,1163.0
1164,rule0948,2,1164.0
1165,rule0949,2,1165.0
1166,rule0950,2,1166.0
1167,rule0991,2,1167.0
1168,rule0983,2,1168.0
1169,rule0984,2,1169.0
1170,rule0985,2,1170.0
1171,rule0986,2,1171.0
1172,rule0974,2,1172.0
1173,rule0973,2,1173.0
1174,rule0992,2,1174.0
1175,rule0956,2,1175.0
1176,rule0993,2,1176.0
1177,rule0994,2,1177.0
1178,rule0972,2,1178.0
1179,rule0963,2,1179.0
1180,rule0962,2,1180.0
1181,rule0957,2,1181.0
1182,rule0928,2,1182.0
1183,rule0927,2,1183.0
1184,rule0926,2,1184.0
1185,rule0925,2,1185.0
1186,rule0896,2,1186.0
1187,rule1279,2,1187.0
1188,rule0893,2,1188.0
1189,rule0892,2,1189.0
1190,rule0891,2,1190.0
1191,rule0890,2,1191.0
1192,rule0888,2,1192.0
1193,rule0887,2,1193.0
1194,rule0886,2,1194.0
1195,rule0885,2,1195.0
1196,rule0879,2,1196.0
1197,rule0979,2,1197.0
1198,rule0872,2,1198.0
1199,rule0871,2,1199.0
1200,rule0870,2,1200.0
1201,rule0902,2,1201.0
1202,rule0903,2,1202.0
1203,rule0904,2,1203.0
1204,rule0916,2,1204.0
1205,rule0924,2,1205.0
1206,rule0921,2,1206.0
1207,rule0920,2,1207.0
1208,rule0919,2,1208.0
1209,rule0918,2,1209.0
1210,rule0905,2,1210.0
1211,rule0917,2,1211.0
1212,rule0915,2,1212.0
1213,rule0913,2,1213.0
1214,rule0912,2,1214.0
1215,rule0910,2,1215.0
1216,rule0914,2,1216.0
1217,rule0743,1,1217.0
1218,rule0742,1,1218.0
1219,rule0826,1,1219.0
1220,rule2133,1,1220.0
